name,dob,email,phone
Lekha Reddy,1968-12-03,,
Isha Singh,1993-10-27,,
Varun Joshi,1989-08-16,,
Suman Chowdhury,1976-04-16,,
Tarun Iyer,1956-12-23,,
Sameer Kapoor,1955-06-19,,
Sana Das,1985-07-14,,
Nikhil Joshi,2000-12-03,,
Rishi Kapoor,1986-08-11,,
Sana Kapoor,1990-12-25,,
Tarun Kapoor,1958-01-27,,
Priya Patel,1957-05-20,,
Simran Bose,1959-02-22,,
Neha Nair,1974-10-11,,
Anita Gupta,2000-08-19,,
Milan Mehta,1976-03-19,,
Priya Varma,1955-06-26,,
Suman Varma,1976-07-15,,
Rohan Iyer,1985-03-14,,
Lekha Patel,2002-06-07,,
Kavya Patel,1981-11-02,,
Amit Reddy,1986-11-27,,
Rohan Bose,2005-07-06,,
Varun Das,1970-10-11,,
Yash Singh,1991-08-05,,
Ojas Patel,1970-07-03,,
Milan Bose,1991-02-25,,
Rishi Nair,1966-11-03,,
Kavya Kumar,1975-12-19,,
Anita Patel,1976-07-24,,
Tarun Varma,1994-09-19,,
Anita Kapoor,1971-07-06,,
Neha Reddy,1987-03-06,,
Vikram Bose,1952-12-09,,
Nila Chowdhury,1973-11-01,,
Neha Sharma,2002-02-08,,
Deepak Sharma,2003-10-07,,
Aarav Kapoor,1979-03-06,,
Ojas Kumar,1993-03-01,,
Rohan Varma,1992-01-25,,
Simran Kapoor,1987-05-22,,
Isha Kumar,1951-03-24,,
Arjun Reddy,1989-03-05,,
Tarun Sharma,1980-01-24,,
Anita Varma,1967-07-28,,
Anita Mehta,1962-12-08,,
Sneha Mehta,2003-01-28,,
Tarun Mehta,1957-04-16,,
Varun Mehta,1956-12-19,,
Kavya Kumar,1997-08-02,,
is john,1892-04-15,,
is Jane Smith,1985-03-21,,
is Narayan,2005-05-05,,
is ell Smith,1985-03-21,,
is Janoooh,1985-03-26,,
is Janmnmith,1985-08-20,,
is Janh,1985-03-03,,
Jonkryoe,1990-01-08,,
Narayan,2024-06-05,naiknarayanp557@gmail.com,918123121880.0
Prashant Naik,2003-09-09,naiknarayanp557@gmail.com,918123121880.0
Narayan,2005-05-05,naiknarayanp557@gmail.com,8123121880.0
Ram,2004-05-09,naiknarayanp557@gmail.com,8123121880.0
Naraynaik,2005-09-08,naiknarayanp557@gmail.com,8123121880.0
Raj,2023-08-07,naikanrayanp557@gmail.com,8123121880.0
Kiran,2003-09-08,naiknarayanp557@gmail.com,8123121880
